<?xml version="1.0" encoding="UTF-8"?>
<project-private xmlns="http://www.netbeans.org/ns/project-private/1">
    <editor-bookmarks xmlns="http://www.netbeans.org/ns/editor-bookmarks/2" lastBookmarkId="0"/>
    <open-files xmlns="http://www.netbeans.org/ns/projectui-open-files/2">
        <group>
            <file>file:/C:/Users/mvent/OneDrive/Escritorio/Mario/8.%20UIB/1º/1%20SEMESTRE/PROGRAMACIÓN/PRÁCTICAS/PRÁCTICA%20EVALUABLE/PRÁCTICA%20EVALUABLE/src/práctica/evaluable/PRÁCTICAEVALUABLE.java</file>
            <file>file:/C:/Users/mvent/OneDrive/Escritorio/Mario/8.%20UIB/1º/1%20SEMESTRE/PROGRAMACIÓN/PRÁCTICAS/PRÁCTICA%20EVALUABLE/PRÁCTICA%20EVALUABLE/src/práctica/evaluable/FicheroOut.java</file>
            <file>file:/C:/Users/mvent/OneDrive/Escritorio/Mario/8.%20UIB/1º/1%20SEMESTRE/PROGRAMACIÓN/PRÁCTICAS/PRÁCTICA%20EVALUABLE/PRÁCTICA%20EVALUABLE/src/práctica/evaluable/MÉTODOS.java</file>
            <file>file:/C:/Users/mvent/OneDrive/Escritorio/Mario/8.%20UIB/1º/1%20SEMESTRE/PROGRAMACIÓN/PRÁCTICAS/PRÁCTICA%20EVALUABLE/PRÁCTICA%20EVALUABLE/src/práctica/evaluable/FicheroIn.java</file>
            <file>file:/C:/Users/mvent/OneDrive/Escritorio/Mario/8.%20UIB/1º/1%20SEMESTRE/PROGRAMACIÓN/PRÁCTICAS/PRÁCTICA%20EVALUABLE/PRÁCTICA%20EVALUABLE/src/práctica/evaluable/Paraula.java</file>
        </group>
    </open-files>
</project-private>
